step,dev_acc,test_acc
133,0.3906633906633907,0.38678485092667203
266,0.42915642915642915,0.4246575342465753
399,0.45864045864045866,0.41659951651893634
532,0.4438984438984439,0.44560838033843675
665,0.43652743652743653,0.42062852538275586
798,0.44144144144144143,0.43190975020145045
931,0.47092547092547093,0.4657534246575342
1064,0.5503685503685504,0.5124899274778405
1197,0.6420966420966421,0.604351329572925
1330,0.7493857493857494,0.7139403706688154
